ksmith@gmail.com,SUCCESS,2023-12-17 21:39:38
ksmith@gmail.com,SUCCESS,2023-12-17 21:51:00
ksmith@gmail.com,FAILURE,2023-12-18 13:15:41
ksmith@gmail.com,SUCCESS,2023-12-18 13:15:50
ksmith@gmail.com,FAILURE,2023-12-18 19:25:57
ksmith@gmail.com,SUCCESS,2023-12-18 19:26:05
ksmith@gmail.com,SUCCESS,2023-12-18 22:37:47
ksmith@gmail.com,SUCCESS,2023-12-18 22:42:16
ksmith@gmail.com,SUCCESS,2023-12-18 22:46:14
ksmith@gmail.com,SUCCESS,2023-12-18 22:48:06
ksmith@gmail.com,SUCCESS,2023-12-18 22:51:07
ksmith@gmail.com,SUCCESS,2023-12-18 22:52:24
ksmith@gmail.com,SUCCESS,2023-12-18 22:56:04
ksmith@gmail.com,SUCCESS,2023-12-19 12:32:03
ksmith@gmail.com,SUCCESS,2023-12-19 12:33:13
ksmith@gmail.com,SUCCESS,2023-12-19 12:34:07
ksmith@gmail.com,SUCCESS,2023-12-19 12:35:04
ksmith@gmail.com,SUCCESS,2023-12-19 12:37:17
ksmith@gmail.com,SUCCESS,2023-12-19 12:38:43
ksmith@gmail.com,SUCCESS,2023-12-19 12:42:48
ksmith@gmail.com,SUCCESS,2023-12-19 12:43:56
ksmith@gmail.com,SUCCESS,2023-12-19 12:45:23
ksmith@gmail.com,SUCCESS,2023-12-19 12:47:22
ksmith@gmail.com,SUCCESS,2023-12-19 13:18:23
ksmith@gmail.com,SUCCESS,2023-12-19 13:22:24
ksmith@gmail.com,SUCCESS,2023-12-19 13:23:47
ksmith@gmail.com,SUCCESS,2023-12-19 14:04:38
ksmith@gmail.com,SUCCESS,2023-12-19 14:20:02
ksmith@gmail.com,SUCCESS,2023-12-19 14:20:37
ksmith@gmail.com,SUCCESS,2023-12-19 14:26:26
ksmith@gmail.com,SUCCESS,2023-12-19 14:28:23
ksmith@gmail.com,SUCCESS,2023-12-19 14:30:04
ksmith@gmail.com,SUCCESS,2023-12-19 14:30:39
ksmith@gmail.com,SUCCESS,2023-12-19 15:08:09
ksmith@gmail.com,SUCCESS,2023-12-19 19:45:13
ksmith@gmail.com,SUCCESS,2023-12-19 19:47:27
ksmith@gmail.com,SUCCESS,2023-12-19 19:49:32
ksmith@gmail.com,SUCCESS,2023-12-19 19:51:38
ksmith@gmail.com,SUCCESS,2023-12-19 20:07:56
ksmith@gmail.com,SUCCESS,2023-12-19 20:09:12
ksmith@gmail.com,SUCCESS,2023-12-19 20:13:02
ksmith@gmail.com,SUCCESS,2023-12-19 20:17:56
ksmith@gmail.com,SUCCESS,2023-12-19 20:18:57
ksmith@gmail.com,SUCCESS,2023-12-19 20:23:28
ksmith@gmail.com,SUCCESS,2023-12-19 20:25:37
ksmith@gmail.com,SUCCESS,2023-12-19 20:28:15
ksmith@gmail.com,SUCCESS,2023-12-19 20:31:25
ksmith@gmail.com,SUCCESS,2023-12-19 20:33:06
thudson@gmail.com,SUCCESS,2023-12-19 23:07:05
thudson@gmail.com,SUCCESS,2023-12-19 23:10:42
ksmith@gmail.com,SUCCESS,2023-12-19 23:15:06
thudson@gmail.com,SUCCESS,2023-12-19 23:15:26
thudson@gmail.com,SUCCESS,2023-12-19 23:16:00
ksmith@gmail.com,SUCCESS,2023-12-19 23:17:22
thudson@gmail.com,SUCCESS,2023-12-19 23:17:43
thudson@gmail.com,SUCCESS,2023-12-19 23:18:06
ksmith@gmail.com,SUCCESS,2023-12-19 23:18:23
thudson@gmail.com,SUCCESS,2023-12-19 23:21:36
ksmith@gmail.com,SUCCESS,2023-12-19 23:21:56
ksmith@gmail.com,SUCCESS,2023-12-19 23:35:16
hdsk@gmail.com,FAILURE,2023-12-19 23:35:55
ksmith@gmail.com,SUCCESS,2023-12-20 09:52:39
